{"fund": 4381.27852, "bought_price": 383711.0, "btc_bought": 0.0145408889131259, "total_profit": 0, "total_loss": 2.432480000000055, "total_buy_amount": 6000.0, "taker_fee": 0.006}