{
    "parameters": {
        "ma_short": 10,
        "ma_long": 55,
        "stop_loss": 0.01,
        "take_profit": 0.04
    },
    "metrics": {
        "total_trades": 2,
        "winning_trades": 2,
        "losing_trades": 0,
        "win_rate": 1.0,
        "total_profit": 41.31626519176514,
        "average_profit": 20.65813259588257,
        "largest_win": 38.37031894651264,
        "largest_loss": 2.9459462452524994,
        "max_drawdown": 0,
        "profit_factor": Infinity,
        "final_capital": 1041.316265191765
    },
    "timestamp": "2025-03-15T09:18:14.228813",
    "initial_capital": 1000
}