{
    "parameters": {
        "ma_short": 10,
        "ma_long": 40,
        "stop_loss": 0.01,
        "take_profit": 0.02
    },
    "metrics": {
        "total_trades": 2,
        "winning_trades": 1,
        "losing_trades": 0,
        "win_rate": 0.5,
        "total_profit": 20.274176211865775,
        "average_profit": 10.137088105932888,
        "largest_win": 20.274176211865775,
        "largest_loss": 0,
        "max_drawdown": 0,
        "profit_factor": 999999,
        "final_capital": 1020.2741762118658
    },
    "timestamp": "2024-01-06T00:00:00.000Z",
    "initial_capital": 1000
}